model,time_mean,time_std,time_median,time_q1,time_q3,epoch_time_mean,epoch_time_std,epoch_time_median,epoch_time_q1,epoch_time_q3
vit_t_16,427.68192596435546,53.236230943783006,428.13352727890015,384.46227860450745,483.44761061668396,11.999977220329972,0.1484743447965149,12.014446206390858,11.892597979969448,12.086190265417098
swin_t,927.6744550228119,280.5950226239887,831.6247305870056,700.81853556633,1050.1524393558502,29.136545211265663,0.25290566795446723,29.179678646000948,29.170901093218063,29.200772315263748
beit_b_16,2053.904806995392,402.76946375468026,2028.6068663597107,1800.9837501049042,2145.800716161728,64.21600769863265,0.5475724893170063,64.3208482180323,63.89208550231401,64.44887607296307
deit_t_16,417.75419373512267,102.80608037060532,476.9520630836487,310.9289767742157,487.539098739624,12.12398060538493,0.1839861930243786,12.112415438113006,11.958806799008297,12.1884774684906
vgg19,913.748950958252,193.97333173476983,852.1825156211853,777.0052218437195,1055.2580773830414,33.84522866763871,0.18611769652738971,33.78283573233563,33.691019892692566,34.04058314138843
resnet50,942.3637596607208,311.8355071972307,875.9033720493317,698.9485371112823,1264.1545095443726,22.44411592683541,0.11409733349380978,22.459060821777737,22.37844079732895,22.546727003589755
efficientnetv2_t,617.0169153690338,89.8535737353249,570.571834564209,558.7339417934418,668.860374212265,26.346738927378446,0.3329803212555997,26.46245158951858,25.975366508960725,26.606378180640085
convnext_t,976.6449953079224,122.33063191658924,899.6606278419495,867.3830003738403,1125.5592033863068,43.20825358623113,0.18832082657019622,43.29073859178103,43.23802969455719,43.30236734793736
