model,time_mean,time_std,time_median,time_q1,time_q3,epoch_time_mean,epoch_time_std,epoch_time_median,epoch_time_q1,epoch_time_q3
vit_b_16,1217.0011289596557,119.95198363759827,1160.1608028411865,1103.1797864437103,1343.142555475235,32.21272213821408,0.1736480394594952,32.22668896781074,32.06142512587614,32.34944763604332
swin_b,1219.793735742569,58.6731954609909,1229.1673738956451,1173.941663980484,1234.9188420772552,32.963937657665966,0.2921368867007929,32.895249688625334,32.71802317755563,33.22073983501743
beit_b_16,1154.430408000946,145.17096901875908,1089.5107226371765,1070.868926525116,1168.5554630756378,31.533827628214386,0.22153291439168174,31.582580083125347,31.496144897797528,31.726753531561958
deit_b_16,938.3739866733551,72.29690180801354,946.0532858371735,880.2442173957825,1014.4311447143555,31.47017779249047,0.30479910252051357,31.53510952790578,31.437293478420802,31.70097327232361
vgg19,425.60439286231997,50.464241207361304,428.25875639915466,385.2237844467163,436.9745354652405,17.58018168987522,0.15031110916772403,17.510172020305287,17.47898141860962,17.643055578757977
resnet50,477.64018325805665,62.756359021559085,473.3585705757141,446.835702419281,485.4362545013428,12.584243136675195,0.14807729888490043,12.487624604651268,12.456804488834582,12.762968786301151
efficientnetv2_m,891.480961894989,105.75800966421565,913.2037892341614,899.8673205375671,962.3308310508728,20.1737088659954,0.22257700908843933,20.2335364477975,19.997051567501494,20.31057596206665
convnext_b,2509.0392694950106,245.48855092875993,2700.0,2340.556087255478,2700.0,41.104450527958576,0.40356445808498276,41.06238749571014,40.90909090909091,41.53846153846154
