model,accuracy_mean,accuracy_std,top3_accuracy_mean,top3_accuracy_std,top5_accuracy_mean,top5_accuracy_std,balanced_accuracy_mean,balanced_accuracy_std
vit_b_16,0.901130524152107,0.003524445673069351,0.9825282631038027,0.0027577405683450683,0.9928057553956833,0.0019500170566300417,0.8739575041153815,0.002890307187503828
swin_b,0.9216855087358684,0.009844957874473207,0.9864337101747174,0.0036423525481334867,0.993627954779034,0.003006935013017021,0.8971443370588095,0.010270049138380057
resnet50,0.9177800616649539,0.004360370695908851,0.9817060637204522,0.0038123817042120113,0.9884892086330936,0.0025508065048285566,0.8823901782052946,0.005927899195546418
resnet101,0.9196300102774921,0.005900390583517902,0.9817060637204522,0.0034639875737621155,0.9880781089414183,0.003536413264971269,0.8872780609958457,0.007735867456643337
resnet152,0.9194244604316546,0.002483668237121175,0.9833504624871532,0.002550806504828535,0.9889003083247687,0.0015104767170297084,0.8910475156104842,0.003995346403746965
