model,accuracy_mean,accuracy_std,top3_accuracy_mean,top3_accuracy_std,top5_accuracy_mean,top5_accuracy_std,balanced_accuracy_mean,balanced_accuracy_std
vit_b_16,0.8606372045220965,0.010553338255287517,0.985611510791367,0.003676987424460085,0.9967112024665983,0.0028629780631416624,0.8413116319777995,0.015656131303631082
swin_b,0.8943473792394656,0.009293035605720312,0.991983556012333,0.0027113886861814896,0.998355601233299,0.0016698948416517874,0.8747062564880075,0.010243303702350878
resnet50,0.855087358684481,0.006434727992805153,0.9823227132579649,0.004232530376561966,0.9928057553956835,0.002906913797272561,0.8232782550091802,0.0185013727058279
resnet101,0.8620760534429598,0.007042894840292618,0.9812949640287771,0.005051677585794263,0.994655704008222,0.001992879694724087,0.8340271729934929,0.019779731061571684
resnet152,0.8618705035971223,0.006048895773715174,0.9812949640287769,0.0023794114908099145,0.9944501541623844,0.003288797533401856,0.8350993431321625,0.010140913400471296
