,model,accuracy,balanced_accuracy,top-2_accuracy,top-3_accuracy,top-5_accuracy
0,vit_b_16,0.7776365946632783,0.6751248273570255,0.8919949174078781,0.9377382465057179,0.9669631512071156
1,swin_b,0.8564167725540025,0.7326541970814416,0.9415501905972046,0.9669631512071156,0.98856416772554
2,beit_b,0.7776365946632783,0.6319819221599408,0.8831003811944091,0.928843710292249,0.963151207115629
3,vgg19,0.7750952986022872,0.6372825135534115,0.8945362134688691,0.9364675984752223,0.9707750952986023
4,resnet50,0.8081321473951716,0.6669985929676332,0.8958068614993647,0.9351969504447268,0.9644218551461246
5,efficientnetv2_b,0.7433290978398983,0.6028819552194165,0.8589580686149937,0.9034307496823379,0.9479034307496823
6,convnext_b,0.820838627700127,0.6829388525131559,0.9148665819567979,0.9491740787801779,0.9809402795425667
