model,time_mean,time_std,time_median,time_q1,time_q3,epoch_time_mean,epoch_time_std,epoch_time_median,epoch_time_q1,epoch_time_q3
vit_b_16,1588.9832845687865,135.6486635480337,1538.106562614441,1527.609938621521,1619.6839351654053,90.22900194937887,0.7772723251507092,89.98244084252252,89.85940815420712,90.47685662437888
swin_b,1836.3970758914948,329.91859615720125,1809.519618988037,1514.171704530716,2201.6264271736145,101.01730489644137,0.873065725786514,100.89029468189587,100.52886772155762,100.94478030204773
beit_b_16,1992.9921551704406,278.2978939052137,1863.3797421455383,1780.271012544632,2059.134890794754,93.13866764668388,0.4875065302119703,93.16898710727692,92.8534051047431,93.59704049067064
deit_b_16,2761.631866276599,2167.8634169200905,1812.0749924182892,1523.1816091537476,2259.267416000366,90.23914655047734,0.34084918917108,90.37069664001464,90.23914655128205,90.38322175466098
vgg19,1242.3245306015015,234.16001381518566,1227.304663181305,1084.744264125824,1329.5181767940521,49.302672249639706,0.13283624550275525,49.30655746026473,49.24141395533526,49.390334721767545
resnet50,1089.3345618724823,336.28771978472633,1180.789410829544,818.2438547611237,1386.1944043636322,32.48219051642711,0.4440294230493841,32.72975419044494,31.98946343815845,32.77387895849016
efficientnetv2_m,1342.0994527339935,442.912414788105,1115.163153886795,1033.6586420536041,1333.6040046215057,79.0551818129164,0.48583844986454594,79.09744996290941,78.56445048536573,79.51220323489262
convnext_b,2085.755903530121,223.86693604266895,2118.381464242935,1837.0126202106476,2255.733733892441,140.94024200082453,0.304305451024622,140.98335836827755,140.6180449449099,141.225430949529
