model,time_mean,time_std,time_median,time_q1,time_q3,epoch_time_mean,epoch_time_std,epoch_time_median,epoch_time_q1,epoch_time_q3
vit_t_16,567.3834262847901,152.330274232196,504.83667826652527,461.30880904197693,728.735360622406,17.245061817671402,0.3168728035623165,17.16501020301472,17.085511445999146,17.372864977879956
swin_t,821.2215078830719,133.64421004703684,802.3895771503448,767.3928654193878,861.3844966888428,42.360245227518135,0.46350534720845027,42.23103037633394,42.1760248819987,42.63293696774377
beit_b_16,2201.083569288254,402.045668977163,2499.6180922985077,1849.4502882957458,2521.8570024967194,93.24188319061838,0.6579322076911814,93.4021112035822,92.5784478629077,93.49287833886989
deit_t_16,463.0526557445526,123.55476903584926,479.4775688648224,376.4353983402252,510.78974986076355,17.146930644638395,0.08225091897533132,17.124198888029373,17.110699924555693,17.210940767736997
vgg19,1535.609208869934,208.91985959572787,1468.6945016384125,1381.4410893917084,1603.822392463684,48.91522768401057,0.24271550506958736,48.88996697694827,48.79182773166232,48.95648338794708
resnet50,832.2658748149872,225.73708818661734,681.726954460144,651.5286419391632,1049.912504196167,32.52662417230948,0.20129090802323701,32.57643209695816,32.463188307625906,32.59136327944304
efficientnetv2_t,612.816444015503,53.24680070341192,626.9384324550629,567.9406118392944,651.4467160701752,38.307566555789094,0.4867086252591408,38.320395062951484,37.862707455952965,38.33073711395264
convnext_t,958.8420198917389,72.71560987104287,946.5209679603577,886.5178315639496,1006.8323454856873,63.086202800838215,0.13268830604852755,63.07348745009478,63.00640484264919,63.101397864023845
