model,time_mean,time_std,time_median,time_q1,time_q3,epoch_time_mean,epoch_time_std,epoch_time_median,epoch_time_q1,epoch_time_q3
vit_b_16,1587.8051082134248,180.22870447218781,1622.4040577411652,1425.1651277542114,1693.3347792625427,27.846597905333198,0.16318316079629847,27.94441426969042,27.759586545287586,27.97248375415802
swin_b,1856.5088809013366,363.3671916835953,1718.7282037734985,1693.113306760788,1723.8892621994019,28.26707386268448,0.1821800110700523,28.218555112679798,28.17587219300817,28.260479708186917
beit_b_16,1879.1115654468535,468.7748870040782,1714.9013812541962,1681.0323731899261,1727.6119940280914,27.246689309831215,0.26046693310462204,27.288581799577784,27.16921030664907,27.422412603620497
deit_b_16,1602.866198348999,406.4634433767543,1568.9600908756256,1310.8696691989899,1616.310079574585,26.966214748622587,0.30104125367104917,27.051036049579753,26.752442228550812,27.243018943209982
vgg19,590.0222607135772,99.19387935525462,573.1617822647095,559.5870842933655,607.6357891559601,15.650057860083049,0.3283972508401855,15.544085674815708,15.480499812534877,15.921160618464151
resnet50,483.14160227775574,53.70254984608104,459.89231300354004,439.9498302936554,517.3242990970612,11.18595752772834,0.25008097926263734,11.006899980788535,10.998745757341386,11.422426676750183
efficientnetv2_m,1036.818500804901,90.7125352511053,1011.8816616535187,959.601496219635,1108.4146583080292,17.748973714626125,0.09565341730668277,17.76430231874639,17.7523098535705,17.77039807814139
convnext_b,3181.176064014435,476.164700869701,3386.614775657654,2706.611172914505,3567.691715478897,34.97695868565601,0.14072075068600695,34.97736975959703,34.91355438822323,35.09275287058618
