model,time_mean,time_std,time_median,time_q1,time_q3,epoch_time_mean,epoch_time_std,epoch_time_median,epoch_time_q1,epoch_time_q3
vit_b_16,1286.292761707306,79.98073529816898,1291.7222101688385,1231.458215713501,1354.038379907608,38.053493031210316,0.393366520624683,37.991829710848194,37.64980013908878,38.483069241046906
swin_b,1428.2491073608398,232.46469777163549,1414.437417268753,1294.4130046367645,1426.7166495323181,38.99188793023897,0.36988175247967914,39.22463650414438,38.55990944681941,39.28992825746536
beit_b_16,1504.5612874507904,117.38090796196336,1518.5971257686615,1493.923312664032,1525.7224051952362,37.6170448268406,0.363397968686244,37.37482933316912,37.3480828166008,37.964928144216536
deit_b_16,1286.6337872505187,211.45966123758842,1189.4725732803345,1129.4527328014374,1433.805951833725,37.43583486662636,0.325576340197978,37.64842442671458,37.17101791501045,37.69963525022779
vgg19,575.4612727642059,108.73923558175177,588.9947333335876,491.43184638023376,610.382486820221,20.43191327509024,0.1560812553567236,20.346082894007363,20.310163218399573,20.47632693250974
resnet50,534.153772354126,99.7162712866469,548.9195804595947,458.34519362449646,626.7488651275635,14.76870898698607,0.10291479424631228,14.78532882659666,14.774072587490082,14.835664336745804
efficientnetv2_m,1145.9341432571412,194.56737102719353,1147.2756237983704,1003.3841469287872,1293.6093850135803,23.588567570192225,0.15995281259444852,23.553271899352204,23.52017063661055,23.565508337815604
convnext_b,2992.233762216568,295.94085236842574,2864.9657175540924,2801.6444523334503,3084.7302424907684,48.756227249189344,0.3083576118423314,48.8314181804657,48.558740975493095,48.96397210302807
