model,time_mean,time_std,time_median,time_q1,time_q3,epoch_time_mean,epoch_time_std,epoch_time_median,epoch_time_q1,epoch_time_q3
vit_t_16,481.33965826034546,51.74034610541018,489.48455357551575,450.81796860694885,518.8529515266418,14.236250524377713,0.17204176672331856,14.287995636463165,14.088061518967152,14.407340520306638
swin_t,1088.9681176662446,188.94874645583968,1029.431140422821,961.9210150241852,1110.216245174408,34.47616823679143,0.18851261523684307,34.354321965149474,34.31437134742737,34.69425766170025
beit_b_16,2245.586414575577,401.0329276905531,2166.821156024933,2143.6368765830994,2452.4570071697235,76.9338745035931,0.3314600163000328,76.82679035212543,76.63928147405386,77.25837095578511
deit_t_16,382.169890499115,50.96512619504087,388.1066517829895,355.6575360298157,402.8434340953827,13.952416453127753,0.13789330230370284,13.891152899840783,13.874498172239823,13.90917790297306
vgg19,1312.1068035125732,92.69586095427418,1279.140635728836,1271.4464151859283,1281.7014119625092,39.99005020676926,0.22876514391670658,39.97314486652613,39.80503306081218,40.05316912382841
resnet50,1061.9294106006623,218.33673228929786,1117.820160150528,816.8202476501465,1237.7502675056458,26.54257083738533,0.16864208221685634,26.614765717869712,26.34904024677892,26.672021484375
efficientnetv2_t,841.4442250728607,129.66116907732533,851.3760671615601,714.3314552307129,892.8738629817963,31.417708775721092,0.3641186618167128,31.532446931909632,31.057889357857082,31.6746117960323
convnext_t,1097.207938194275,422.5198610212046,1028.7547039985657,763.0047082901001,1086.6376922130585,51.26474917870844,0.3004888916687791,51.152582798685344,51.121795332109606,51.437735199928284
